id	genes
DMSOR3e	sps_RS06195
DMSOR4e	sps_RS06195
TMAOR3e	sps_RS06195 or sps_RS01395
TRE6PP	Gap
TREHtex	Gap
TREH	sps_RS27235
OMP_CIT	sps_RS10915 or sps_RS14350 or sps_RS14345 or sps_RS11360 or sps_RS24395 or sps_RS11770
SUCRPTS	Gap
FFSD	Gap
SUCP	Gap
ADHMCYSSYN	Gap
CU2t	Gap
OMP_CBL1	Gap
PEPTIDOXe	Gap
PPTGSe	Gap
AACPSFA1718	sps_RS26765 and sps_RS06710
AACPSFA1817	sps_RS26765 and sps_RS06710
AACPSFA130OH	sps_RS26765 and sps_RS06710
C171n8SN	sps_RS02955 and sps_RS08695 and sps_RS06715 and sps_RS10425 and sps_RS06705 and sps_RS09190 and sps_RS06710
C181n7SN	sps_RS02955 and sps_RS08695 and sps_RS06715 and sps_RS10425 and sps_RS06705 and sps_RS09190 and sps_RS06710
C130OHISN	sps_RS02955 and sps_RS08695 and sps_RS06715 and sps_RS10425 and sps_RS06705 and sps_RS09190 and sps_RS06710
2MAHMP	sps_RS02745
4HBASink	Sink
4HBTE	sps_RS20600
5DOAN	sps_RS12090
5DRIB_Sink	Sink
5HPUDICDCr	spontaneous
5HPUDICDCs	sps_RS19515
A5PISO	sps_RS25600
AACPS10	sps_RS26765 and sps_RS06710
AACPS11	sps_RS26765 and sps_RS06710
AACPS12	sps_RS26765 and sps_RS06710
AACPS13	sps_RS26765 and sps_RS06710
AACPS14	sps_RS26765 and sps_RS06710
AACPS15	sps_RS26765 and sps_RS06710
AACPS16	sps_RS26765 and sps_RS06710
AACPS3	sps_RS26765 and sps_RS06710
AACPS4	sps_RS26765 and sps_RS06710
AACPS5	sps_RS26765 and sps_RS06710
AACPS6	sps_RS26765 and sps_RS06710
AACPS7	sps_RS26765 and sps_RS06710
AACPS8	sps_RS26765 and sps_RS06710
AACPS9	sps_RS26765 and sps_RS06710
ABTA	sps_RS13900
ACACCB	sps_RS10060
ACACCT	sps_RS10260 and sps_RS10265
ACACT10R	sps_RS00295
ACACt2	sps_RS06295
ACALDi	sps_RS03765
ACBIPGT	sps_RS23545
ACCOAC	sps_RS14240 and sps_RS14940 and sps_RS14945
ACCOAL	sps_RS10210 and sps_RS02570
ACGAMK	sps_RS11615
ACGAt2	sps_RS11600
ACGK	sps_RS26680
ACGS	sps_RS16260
ACHBS	(sps_RS15435 and sps_RS15430) or (sps_RS06935 and sps_RS06930)
ACKr	sps_RS17590
ACLS	(sps_RS15435 and sps_RS15430) or (sps_RS06935 and sps_RS06930)
ACMAT1	(sps_RS08695 and sps_RS06710) or (sps_RS06705 and sps_RS06710)
ACNAMS	sps_RS18415
ACOAD10	sps_RS00300
ACOAD8	sps_RS10230
ACOAD9	sps_RS00300
ACOATA	(sps_RS09695 and sps_RS06710) or (sps_RS16795 and sps_RS06710)
ACODA	sps_RS26690
ACONT	sps_RS26425
ACOTA	sps_RS24950
ACPS1	sps_RS11945 and sps_RS06710
ACPSc	sps_RS17800 and sps_RS06710
ACS	sps_RS02570
ACt6	sps_RS16925
ADA	sps_RS21850
ADCL	sps_RS06845 or sps_RS06840
ADCOBAK	sps_RS23545
ADCOBAS	sps_RS12095
ADCOBHEXS	sps_RS23540
ADCS	sps_RS03710 and sps_RS24965
ADK1	sps_RS08170
ADK3	sps_RS08170
ADK4	sps_RS08170
ADMDC	sps_RS06620
ADNCYC	sps_RS15865 or sps_RS12055 or sps_RS15200 or sps_RS24710
ADNK1	sps_RS08170
ADNt2	sps_RS20890
ADPRDP	sps_RS25140 and sps_RS26775
ADPT	sps_RS08200
ADSK	sps_RS18215
ADSL1r	sps_RS02730
ADSL2r	sps_RS02730
ADSS	sps_RS25520 or sps_RS04270
AEPPAT	sps_RS20360
AGDC	sps_RS11610
AGMAHYD	sps_RS06615
AGPEPHOS	sps_RS00650
AGPR	sps_RS26685
AHAI	sps_RS15440
AHCYSNS	sps_RS12090
AICART	sps_RS15675
AIRC2	Gap
AIRC3	sps_RS20035
AKGD	sps_RS26455 and sps_RS07975 and sps_RS07980
ALA_Dt4	sps_RS26165 or sps_RS24365 or sps_RS11760
ALAALA	sps_RS06170 or sps_RS21595
ALAD_L	sps_RS05300
ALAGLYX	sps_RS15405
ALAR	sps_RS25455
ALAt4	sps_RS26165 or sps_RS24365 or sps_RS11760
ALATA_D2	sps_RS20350 or sps_RS11430
ALATA_L	sps_RS03805
ALATA_L2	sps_RS20350 or sps_RS11430
ALATRS	sps_RS20190
ALCD2x	sps_RS03765
ALDD2x	sps_RS01610
ALLNRAC	Gap
ALLTC	sps_RS05470
ALLTN	sps_RS19520
AMAA	sps_RS25025
AMALT1	sps_RS11355
AMALT2	sps_RS11355
AMALT3	sps_RS11355
AMALT4	sps_RS11355
AMAOT	sps_RS07865
AMMQT7_2	sps_RS15015
AMOB_Sink	Sink
AMPMS2	sps_RS05845
AMPTASECG	sps_RS02885
AMPTASEPG	sps_RS02885
ANPRT	sps_RS08290
ANS1	sps_RS08280 and sps_RS08285
AOXS	sps_RS07855
AP4AH	sps_RS22875
AP5AH	sps_RS22875
APRAUR	sps_RS20340
ARBABC	sps_RS13535 and sps_RS13545 and sps_RS13540
ARGDC	sps_RS06625
ARGSL	sps_RS26665
ARGSS	sps_RS26670
ARGTRS	sps_RS26400
ARSRD2	sps_RS02560 and sps_RS03080
ARSt1	sps_RS26185
ASAD	sps_RS08615
ASNN	sps_RS06280 or sps_RS03935
ASNS1	sps_RS02360
ASNTRS	sps_RS03690
ASP1DC	Gap
ASPCT	sps_RS19135 or sps_RS19130
ASPK	sps_RS11825 or sps_RS14560 or sps_RS24290
ASPO3	sps_RS12000
ASPO5	sps_RS12000
ASPO6	sps_RS12000
ASPO8	sps_RS12000
ASPO9	sps_RS12000
ASPt2	sps_RS08155
ASPTA1	sps_RS04490 or sps_RS03990
ASPTA4	sps_RS04490 or sps_RS03990
ASPTRS	sps_RS05760
AST	sps_RS24945
ATPPRT	sps_RS06490
ATPS4r	sps_RS27845 and sps_RS27850 and sps_RS27855 and sps_RS27860 and sps_RS27865 and sps_RS27870 and sps_RS27875 and sps_RS27885 and sps_RS27880
BETALDHx	sps_RS17435
BETALDHy	sps_RS17435
BPNT	sps_RS26770
BTS4	sps_RS07860 and sps_RS17715
BUT_T	sps_RS06295
BUTSUCCCOA	sps_RS10260 and sps_RS10265
C120SN	(sps_RS02955 and sps_RS06715 and sps_RS06705 and sps_RS09190 and sps_RS06710) or (sps_RS06715 and sps_RS08695 and sps_RS10425 and sps_RS09190 and sps_RS06710) or (sps_RS02955 and sps_RS08695 and sps_RS06715 and sps_RS09190 and sps_RS06710) or (sps_RS06715 and sps_RS10425 and sps_RS06705 and sps_RS09190 and sps_RS06710)
C130ISN	(sps_RS02955 and sps_RS06715 and sps_RS06705 and sps_RS09190 and sps_RS06710) or (sps_RS06715 and sps_RS08695 and sps_RS10425 and sps_RS09190 and sps_RS06710) or (sps_RS02955 and sps_RS08695 and sps_RS06715 and sps_RS09190 and sps_RS06710) or (sps_RS06715 and sps_RS10425 and sps_RS06705 and sps_RS09190 and sps_RS06710)
C140ISN	(sps_RS02955 and sps_RS06715 and sps_RS06705 and sps_RS09190 and sps_RS06710) or (sps_RS06715 and sps_RS08695 and sps_RS10425 and sps_RS09190 and sps_RS06710) or (sps_RS02955 and sps_RS08695 and sps_RS06715 and sps_RS09190 and sps_RS06710) or (sps_RS06715 and sps_RS10425 and sps_RS06705 and sps_RS09190 and sps_RS06710)
C140SN	(sps_RS02955 and sps_RS06715 and sps_RS06705 and sps_RS09190 and sps_RS06710) or (sps_RS06715 and sps_RS08695 and sps_RS10425 and sps_RS09190 and sps_RS06710) or (sps_RS02955 and sps_RS08695 and sps_RS06715 and sps_RS09190 and sps_RS06710) or (sps_RS06715 and sps_RS10425 and sps_RS06705 and sps_RS09190 and sps_RS06710)
C150ISN	(sps_RS02955 and sps_RS06715 and sps_RS06705 and sps_RS09190 and sps_RS06710) or (sps_RS06715 and sps_RS08695 and sps_RS10425 and sps_RS09190 and sps_RS06710) or (sps_RS02955 and sps_RS08695 and sps_RS06715 and sps_RS09190 and sps_RS06710) or (sps_RS06715 and sps_RS10425 and sps_RS06705 and sps_RS09190 and sps_RS06710)
C150SN	(sps_RS02955 and sps_RS06715 and sps_RS06705 and sps_RS09190 and sps_RS06710) or (sps_RS06715 and sps_RS08695 and sps_RS10425 and sps_RS09190 and sps_RS06710) or (sps_RS02955 and sps_RS08695 and sps_RS06715 and sps_RS09190 and sps_RS06710) or (sps_RS06715 and sps_RS10425 and sps_RS06705 and sps_RS09190 and sps_RS06710)
C151SN	(sps_RS02955 and sps_RS08695 and sps_RS06715 and sps_RS10425 and sps_RS06710) and (sps_RS06705 and sps_RS09190 and sps_RS06710)
C160ISN	(sps_RS02955 and sps_RS06715 and sps_RS06705 and sps_RS09190 and sps_RS06710) or (sps_RS06715 and sps_RS08695 and sps_RS10425 and sps_RS09190 and sps_RS06710) or (sps_RS02955 and sps_RS08695 and sps_RS06715 and sps_RS09190 and sps_RS06710) or (sps_RS06715 and sps_RS10425 and sps_RS06705 and sps_RS09190 and sps_RS06710)
C160SN	(sps_RS02955 and sps_RS06715 and sps_RS06705 and sps_RS09190 and sps_RS06710) or (sps_RS06715 and sps_RS08695 and sps_RS10425 and sps_RS09190 and sps_RS06710) or (sps_RS02955 and sps_RS08695 and sps_RS06715 and sps_RS09190 and sps_RS06710) or (sps_RS06715 and sps_RS10425 and sps_RS06705 and sps_RS09190 and sps_RS06710)
C161SN	sps_RS02955 and sps_RS08695 and sps_RS06715 and sps_RS10425 and sps_RS09190  and sps_RS06710
C170ISN	(sps_RS02955 and sps_RS06715 and sps_RS06705 and sps_RS09190 and sps_RS06710) or (sps_RS06715 and sps_RS08695 and sps_RS10425 and sps_RS09190 and sps_RS06710) or (sps_RS02955 and sps_RS08695 and sps_RS06715 and sps_RS09190 and sps_RS06710) or (sps_RS06715 and sps_RS10425 and sps_RS06705 and sps_RS09190 and sps_RS06710)
C170SN	(sps_RS02955 and sps_RS06715 and sps_RS06705 and sps_RS09190 and sps_RS06710 and sps_RS06710) or (sps_RS06715 and sps_RS08695 and sps_RS10425 and sps_RS09190 and sps_RS06710) or (sps_RS02955 and sps_RS08695 and sps_RS06715 and sps_RS09190 and sps_RS06710) or (sps_RS06715 and sps_RS10425 and sps_RS06705 and sps_RS09190 and sps_RS06710)
C171SN	sps_RS02955 and sps_RS08695 and sps_RS06715 and sps_RS10425 and sps_RS06705 and sps_RS09190 and sps_RS06710
C180SN	(sps_RS02955 and sps_RS06715 and sps_RS06705 and sps_RS09190 and sps_RS06710) or (sps_RS06715 and sps_RS08695 and sps_RS10425 and sps_RS09190 and sps_RS06710) or (sps_RS02955 and sps_RS08695 and sps_RS06715 and sps_RS09190 and sps_RS06710) or (sps_RS06715 and sps_RS10425 and sps_RS06705 and sps_RS09190 and sps_RS06710)
C181SN	sps_RS02955 and sps_RS08695 and sps_RS06715 and sps_RS10425 and sps_RS06705 and sps_RS09190 and sps_RS06710
C205SN	sps_RS10750 and sps_RS10740
C50SN	(sps_RS09695 and sps_RS06715 and sps_RS10425 and sps_RS09190 and sps_RS06710) or (sps_RS09695 and sps_RS02955 and sps_RS06715 and sps_RS09190 and sps_RS06710) or (sps_RS09190 and sps_RS02955 and sps_RS16795 and sps_RS06715 and sps_RS06710) or (sps_RS06715 and sps_RS10425 and sps_RS16795 and sps_RS09190 and sps_RS06710)
C60ISN	(sps_RS09695 and sps_RS06715 and sps_RS10425 and sps_RS09190 and sps_RS06710) or (sps_RS09695 and sps_RS02955 and sps_RS06715 and sps_RS09190 and sps_RS06710) or (sps_RS09190 and sps_RS02955 and sps_RS16795 and sps_RS06715 and sps_RS06710) or (sps_RS06715 and sps_RS10425 and sps_RS16795 and sps_RS09190 and sps_RS06710)
C70ISN	(sps_RS09695 and sps_RS06715 and sps_RS10425 and sps_RS09190 and sps_RS06710) or (sps_RS09695 and sps_RS02955 and sps_RS06715 and sps_RS09190 and sps_RS06710) or (sps_RS09190 and sps_RS02955 and sps_RS16795 and sps_RS06715 and sps_RS06710) or (sps_RS06715 and sps_RS10425 and sps_RS16795 and sps_RS09190 and sps_RS06710)
CampHydrolyase	sps_RS25130
CAT	sps_RS01620 or sps_RS08500 or sps_RS14015
CBIAT	sps_RS23535
CBL1abc	sps_RS23565 and sps_RS23560 and sps_RS23525
CBLAT	sps_RS23535
CBPS	sps_RS21035 and sps_RS21030
CDPG46D	sps_RS18335
CDPMEK	sps_RS21425
CHITINS	sps_RS12690
CHOLDH1	sps_RS17440
CHOLDH2	sps_RS17440
CHOLDH3	sps_RS17440
CHOLDH4	sps_RS17440
CHOLDH5	sps_RS17440
CHOLt4	sps_RS17445 or sps_RS11405 or sps_RS09720
CHORM	sps_RS11860 and sps_RS11885
CHORS	sps_RS08740
CHRPL	sps_RS27220
CITT7	sps_RS21775 and sps_RS21770 and sps_RS21780
CKDOAS	Gap
CLAT	sps_RS04265
Clt	sps_RS12415
CO2t	Diffusion
COBALTt3	sps_RS21525
COBALTt5	sps_RS02045
COBPS	sps_RS23550
CONFALDD	sps_RS23440
CPPPGO	sps_RS00400
CPPPGOAN	sps_RS00660 or sps_RS27115
CRO4t6	sps_RS24170
CS	sps_RS08005
CSND	sps_RS06225
CSNt2	sps_RS06220
CTPS2	sps_RS20255
Cut1	sps_RS10010
CYCPOe	sps_RS07025 or sps_RS24825
CYOO2	(sps_RS01285 and sps_RS01295 and sps_RS01300) or (sps_RS04545 and sps_RS04550 and sps_RS04555 and sps_RS04560)
CYOR7	sps_RS24990 and sps_RS24980 and sps_RS24985
CYSS	sps_RS17470 or sps_RS03160 or sps_RS05610
CYSTL	sps_RS02815
CYSTRS	sps_RS09255
CYTBD	sps_RS18840 and sps_RS18835
CYTBO3_4	sps_RS27800 and sps_RS27795 and sps_RS27790 and sps_RS27805 and sps_RS00035
CYTD	sps_RS06685
CYTDH	sps_RS09820
CYTDK1	sps_RS06850
CYTDK2	sps_RS06850
CYTDK3	sps_RS06850
CYTDt2	sps_RS20890
CYTK1	sps_RS04000
CYTK2	sps_RS04000
D-LACt2	sps_RS08480
DADA	sps_RS21850
DADK	sps_RS08170
DADNt2	sps_RS20890
DAGK	sps_RS06795
DAHPS	sps_RS11860 or sps_RS22545 or sps_RS02615 or sps_RS11890
DAPDC	sps_RS15190 or sps_RS27560
DAPE	sps_RS15185
DASYN	sps_RS10455
DB4PS	sps_RS20330 or sps_RS26910
DBTSr	sps_RS07845
DCYTD	sps_RS06685
DCYTt2	sps_RS20890
DGK1	sps_RS16355
DHAD1	sps_RS15420
DHAD2	sps_RS15420
DHDPRy	sps_RS21040
DHDPS	sps_RS03120
DHFR	sps_RS13240
DHFS	sps_RS08600
DHNAOT7	sps_RS10130
DHNPA	sps_RS12515
DHORD2	sps_RS02920
DHORD4i	sps_RS02920
DHORD8	sps_RS02920
DHORTS	sps_RS22305
DHPPDA2	sps_RS20340
DHPRx	sps_RS22440
DHPS3	sps_RS20980
DHPTPE	sps_RS17620
DHQD1	sps_RS14935
DHQS	sps_RS26625
DIPEPabc10	sps_RS09165 and sps_RS09175 and sps_RS09170 and sps_RS09185 and sps_RS09180
DIPEPabc13	sps_RS09165 and sps_RS09175 and sps_RS09170 and sps_RS09185 and sps_RS09180
DKMPPD3	Gap
DMATT	sps_RS11035
DMOCT	sps_RS03170
DMPPS	sps_RS11705
DMQMT	sps_RS03975
DNA_CUT	sps_RS14030 or sps_RS07515
DNMPPA	Gap
DNTPPA	Gap
DPCOAK	sps_RS26510
DPR	sps_RS15440 or sps_RS21335
DRBK	sps_RS13530
DRPA	sps_RS20880
DTMPK	sps_RS06835
DURIK1	sps_RS10290
DURIPP	sps_RS20875
DURIt2	sps_RS20890
DUTPDP	sps_RS16285
DXPRI	sps_RS10450
DXPS	sps_RS11040
E4PD	sps_RS12990
ECOAH2C	sps_RS10040 or sps_RS00300
ECOAH9	sps_RS10040 or sps_RS00300
EDA	sps_RS05520
EDTXS5	sps_RS13825 and sps_RS06710
EDTXS6	sps_RS06545 and sps_RS06710
ENO	sps_RS20250
EPPP2	sps_RS15105
FAO4	(sps_RS06355 and sps_RS05895 and sps_RS00295 and sps_RS00300) or (sps_RS05895 and sps_RS23935 and sps_RS00295 and sps_RS00300)
FAO5	(sps_RS06355 and sps_RS05895 and sps_RS00295 and sps_RS00300) or (sps_RS05895 and sps_RS23935 and sps_RS00295 and sps_RS00300)
FAO6	(sps_RS06355 and sps_RS05895 and sps_RS00295 and sps_RS00300) or (sps_RS05895 and sps_RS23935 and sps_RS00295 and sps_RS00300)
FAO7	(sps_RS06355 and sps_RS05895 and sps_RS00295 and sps_RS00300) or (sps_RS05895 and sps_RS23935 and sps_RS00295 and sps_RS00300)
FBA	sps_RS12980
FBP	sps_RS24310
FCLT	sps_RS08165
FDH10	(sps_RS27125 and sps_RS27130 and sps_RS27120 and sps_RS27195) or (sps_RS27155 and sps_RS27160 and sps_RS27165 and sps_RS27195)
FDH9	(sps_RS27125 and sps_RS27130 and sps_RS27120 and sps_RS27195) or (sps_RS27155 and sps_RS27160 and sps_RS27165 and sps_RS27195)
FE2abc	sps_RS09290
FE3abc	sps_RS22495 and sps_RS22500 and sps_RS22505
FGLU	sps_RS15010
FMETTRS	sps_RS00360
FMNAT	sps_RS11725
FMNRDDMBZ	sps_RS01325
FMNRx	sps_RS15800
FNOR	sps_RS22515 and sps_RS03820
FORt	sps_RS17570
FRD10	sps_RS15135 and sps_RS15130 and sps_RS15140 and sps_RS15145
FRD11	sps_RS15135 and sps_RS15130 and sps_RS15140 and sps_RS15145
FRD8	sps_RS01395 and sps_RS24315
FRD9	sps_RS01395 and sps_RS24315
FRTT	sps_RS13270
FTHFD	sps_RS10520
FTHFL	sps_RS26070
FUM	sps_RS03715
FUMACA	sps_RS18055
FUMt4_2	sps_RS16580
G1PACT	sps_RS27830
G1PCT	sps_RS18340
G1PTMT	sps_RS18200
G1SATi	sps_RS12460 or sps_RS22475
G35DP	sps_RS16365
G3PD2	sps_RS27670
G3PD4	sps_RS24175
G3PD8	sps_RS24175
G5SD	sps_RS21110
G6PDA	sps_RS24130
G6PDHy	sps_RS05535
GAL1PURI	sps_RS03510
GALACN	sps_RS14390
GALKr	sps_RS14400
GALU	sps_RS18075
GAPD	sps_RS04450 or sps_RS26180 or sps_RS04460 or sps_RS20735
GARFT	sps_RS02450
GBEZ	sps_RS11350
GCALDD	Gap
GF6PTA	sps_RS27815
GGLUGABDH	sps_RS13905
GGLUGABH	sps_RS12585
GGLUPTO	sps_RS12555
GGLUPTS	sps_RS12580
GGTT	sps_RS13270
GHMT	sps_RS20350
GK1	sps_RS16355
GLCGSD	sps_RS03490
GLCP	sps_RS11340 or sps_RS11345
GLCS1	sps_RS11330
GLGC	sps_RS11335
GLNS	sps_RS16570 or sps_RS06400 or sps_RS12580
GLNTRS	sps_RS09285
GLU5K	sps_RS21115
GLUCYSL	sps_RS20075
GLUDx	sps_RS02915
GLUN	sps_RS11545
GLUPRT	sps_RS08585
GLUR	sps_RS26735
GLUSy	sps_RS12080 and sps_RS12085 and sps_RS07955
GLUt2	sps_RS08155 or sps_RS24335
GLUt4i	sps_RS26985
GLUTRR	sps_RS21415
GLUTRS	sps_RS17980
GLYAT	sps_RS00715
GLYBt4	sps_RS17445 or sps_RS11405 or sps_RS09720
GLYC_T	sps_RS12390
GLYCKb	sps_RS09490
GLYCL	sps_RS23840 and sps_RS26455 and sps_RS23830 and sps_RS23835
GLYCLTDXR	sps_RS22825
GLYCLTt2r	sps_RS08480
GLYCRt2	sps_RS09485
GLYK	sps_RS16190
GLYOX	sps_RS05945
GLYt4	sps_RS24365 or sps_RS11760 or sps_RS26165
GLYTRS	sps_RS00255 and sps_RS00250
GMHEPAT	sps_RS00805
GMHEPK	sps_RS00805
GMHEPPA	sps_RS16660
GMPS2	sps_RS18865 and sps_RS18860 and sps_RS25850
GP4GH	sps_RS22875
GPDDA2	sps_RS25085
GPDDA4	sps_RS25085
GRTT	sps_RS11035
GSHPO	sps_RS11315
GSNK	sps_RS08160
GTHRD	sps_RS00900
GTHRDabc	sps_RS24745 and sps_RS24740
GTHRDH	sps_RS07055
GTHS	sps_RS14275
GTPCI	sps_RS16300
GTPCII	sps_RS20330 or sps_RS08895
GTPDPK	sps_RS20265
GUAD	sps_RS05450
GUAPRT	sps_RS24530 or sps_RS12840
H2Ot5	sps_RS12390
HACD8	sps_RS05895
HACOADr	sps_RS10035
HBZOPT	sps_RS15480
HCO3E	sps_RS03185
HEMEOS	sps_RS01260 or sps_RS27785
HEPTT	sps_RS13270
HEX1	sps_RS02380
FRUK	sps_RS18105
HEXTT	sps_RS13270
HGT	sps_RS20655 or sps_RS20650
HIBHR	sps_RS00295
HISD1	sps_RS27480
HISTD	sps_RS06495
HISTP	sps_RS06505
HISTRS	sps_RS18900
HIUH	sps_RS05460
HMBS	sps_RS15205
HMGDx	sps_RS21145
HMGL	sps_RS10255
HMGSs	sps_RS24790 or sps_RS07340
HOMt2	sps_RS17385
HOXPRx	sps_RS06690
HPPDO1	sps_RS07040
HPPK	sps_RS12510 or sps_RS24490
HPYRRx	sps_RS22825
HPYRRy	sps_RS22825
HSDy	sps_RS11825 or sps_RS14560
HSK	sps_RS11820
HSST	sps_RS10075
HSTPT	sps_RS06500
HTHBPD	sps_RS18065
HXAD	sps_RS11620 or sps_RS08120
HXPRT	sps_RS24530 or sps_RS12840
ICDHxi	sps_RS10985
ICDHy	sps_RS02755
ICHORSi	sps_RS00880
ICL	sps_RS03745
IG3PS	sps_RS06520 and sps_RS06510
IGPDH	sps_RS06505
IGPS	sps_RS08295
ILEDH2	sps_RS02655
ILEt4	sps_RS12925
ILETA	sps_RS15930
ILETRS	sps_RS11720
IMPC	sps_RS15675
IMPD	sps_RS18865
INDOLEt2	sps_RS01320
INSK	sps_RS08160
IPDPS	sps_RS11705
IPMD	sps_RS16215
IPPMIa	sps_RS16205 and sps_RS16210
IPPMIb	sps_RS16205 and sps_RS16210
IPPS	sps_RS16220
IZPN	sps_RS27495
KARA2i	sps_RS15440
KAS15	sps_RS09695 or sps_RS16795 and sps_RS06710
KAS16	(sps_RS06715 and sps_RS08695 and sps_RS06710) or (sps_RS06715 and sps_RS06705 and sps_RS06710)
KDOPP	sps_RS25605
KDOPS	sps_RS21375
Kt2i	sps_RS00345 or sps_RS00315 or sps_RS03370 or sps_RS03365
Kt3	sps_RS19925 or sps_RS14380 or sps_RS10390
L-LACt2	sps_RS08480
LDH_Dir	sps_RS24240
LEUt4	sps_RS12925
LEUTA	sps_RS15930 or sps_RS15425
LEUTRS	sps_RS21545
LGTHL	sps_RS05705
LLEUDr	sps_RS02655
LPADSS	sps_RS10415
LPSSYN_core	sps_RS00730
LYSt3	sps_RS03105
LYSTRS	sps_RS24155
MACPD	sps_RS08695
MALS	sps_RS18985 or sps_RS03755 or sps_RS08860
MAN1PT2	sps_RS16060
MCCC	sps_RS10235 and sps_RS10245
MCITD	sps_RS09950
MCITS	sps_RS09955
MCOATA	sps_RS06720 and sps_RS06710
MDH	sps_RS13275
MDRPD	Gap
ME2	sps_RS21805 or sps_RS26375
MEAMP1_GLU-ASP	sps_RS10485 or sps_RS09500
MEAMP1_GLY-ASP	sps_RS10485 or sps_RS09500
MEAMP1_GLY-GLU	sps_RS10485 or sps_RS09500
MECDPDH	sps_RS18905 and sps_RS03820
MECDPS	sps_RS20235
MEPCT	sps_RS20240
MET-LABC	Gap
METAT	sps_RS13000
METGL	sps_RS09130
METS	sps_RS23585 or sps_RS22050
METTRS	sps_RS06815
MGCH	sps_RS10240
MGt3	sps_RS21525
MGt5	sps_RS02045 or sps_RS25650
MI1PP	sps_RS17735
MICITH	sps_RS26425
MICITL	sps_RS09960
MLACI	sps_RS18050
MLTAM	sps_RS03475
MLTG1e	sps_RS03280
MLTG2e	sps_RS03280
MLTG3e	sps_RS03280
MLTG4e	sps_RS03280
MLTG5e	sps_RS03280
MLTS	sps_RS03490
MLTSp	sps_RS03315
MMSDHir	sps_RS10055
MNabc	sps_RS26045 and sps_RS26040
MOAT3	sps_RS00725
MOBDabc	sps_RS27030 and sps_RS27035 and sps_RS27040
MOHMT	sps_RS24495
MTAN	sps_RS12090
MTHFC	sps_RS09250
MTHFD	sps_RS09250
MTHFR2	sps_RS14555
MTHPTGHM	sps_RS22050
MTRI	Gap
MTRK	Gap
NAabcO	sps_RS27630 or sps_RS27625
NADH11	sps_RS17485 and sps_RS17490 and sps_RS17495 and sps_RS17500 and sps_RS17505 and sps_RS17510 and sps_RS17515 and sps_RS17520 and sps_RS17525 and sps_RS17530 and (sps_RS02420 or sps_RS02430) and sps_RS17540 and sps_RS17545
NADH12	sps_RS06415
NADH13	sps_RS17485 and sps_RS17490 and sps_RS17495 and sps_RS17500 and sps_RS17505 and sps_RS17510 and sps_RS17515 and sps_RS17520 and sps_RS17525 and sps_RS17530 and (sps_RS02420 or sps_RS02430) and sps_RS17540 and sps_RS17545
NADH14	sps_RS06415
NADH16	sps_RS17485 and sps_RS17490 and sps_RS17495 and sps_RS17500 and sps_RS17505 and sps_RS17510 and sps_RS17515 and sps_RS17520 and sps_RS17525 and sps_RS17530 and (sps_RS02420 or sps_RS02430) and sps_RS17540 and sps_RS17545
NADH4	sps_RS06415
NADK	sps_RS11050 or sps_RS08730
NADS1	sps_RS02135
NAt3	sps_RS06305 or sps_RS05900 or sps_RS12470 or sps_RS13880
NAt3_2	sps_RS12025
NAt9	sps_RS16390 or sps_RS25595
NDPK1	sps_RS17680
NDPK2	sps_RS17680
NDPK3	sps_RS17680
NDPK4	sps_RS17680
NDPK5	sps_RS17680
NDPK6	sps_RS17680
NDPK7	sps_RS17680
NDPK8	sps_RS17680
NH4HNADOR	sps_RS07795 and sps_RS07800
NH4HNADPOR	sps_RS07795 and sps_RS07800
NH4t	sps_RS22570
NIt3	sps_RS21525
NMNAT	sps_RS21560
NMNP	sps_RS07685
NNAT	sps_RS21560
NNDMBRT	sps_RS23555
NNDPR	sps_RS26485
NO3T7	sps_RS07790
NODOx	sps_RS13200
NODOy	sps_RS13200
NPHS	sps_RS27755
NTD1	sps_RS06945 or sps_RS15745 or sps_RS03795
NTD10	sps_RS06945
NTD11	sps_RS06945 or sps_RS26780
NTD12	sps_RS03795
NTD2	sps_RS06945 or sps_RS15745
NTD3	sps_RS06945 or sps_RS03795
NTD3_P	sps_RS06945 or sps_RS03795
NTD4	sps_RS06945
NTD5	sps_RS06945 or sps_RS15745 or sps_RS03795
NTD5_P	sps_RS06945 or sps_RS15745 or sps_RS03795
NTD6	sps_RS06945 or sps_RS03795
NTD6_P	sps_RS06945 or sps_RS03795
NTD7	sps_RS06945
NTD8	sps_RS06945 or sps_RS03795
NTD8_P	sps_RS06945 or sps_RS03795
NTD9	sps_RS06945 or sps_RS26780
NTPP1	sps_RS20260
NTPP10	sps_RS11520
NTPP11	sps_RS11520
NTPP2	sps_RS20260
NTPP3	sps_RS20260
NTPP4	sps_RS20260
NTPP5	sps_RS20260
NTPP6	sps_RS20260
NTPP7	sps_RS20260
NTPP8	sps_RS20260
NTPP9	sps_RS11520
NTR4	((sps_RS14135 and sps_RS14140) or (sps_RS06205 and sps_RS06200)) and sps_RS06195
NTR5	((sps_RS14135 and sps_RS14140) or (sps_RS06205 and sps_RS06200)) and sps_RS06195
O2t	Diffusion
OAADC	sps_RS20135 and sps_RS20130 and sps_RS20125
OBTFL	sps_RS17580 and sps_RS17575
OCBT	sps_RS26675
OHPBAT	sps_RS03985
OHPHM	sps_RS03975
OIVD1i	sps_RS03865 and sps_RS03870 and sps_RS03860 and sps_RS26455
OIVD2	sps_RS03865 and sps_RS03870 and sps_RS03860 and sps_RS26455
OIVD3	sps_RS03865 and sps_RS03870 and sps_RS03860 and sps_RS26455
OMBZLM	sps_RS15015
OMCDC	sps_RS16215
OMMBLHX	sps_RS21500
OMMBLHXAN	Gap
OMP_AC	sps_RS10915 or sps_RS14350 or sps_RS14345 or sps_RS11360 or sps_RS24395 or sps_RS11770
OMP_ACGAM	sps_RS11650
OMP_ADN	sps_RS20885
OMP_ALA-D	sps_RS10915 or sps_RS14350 or sps_RS14345 or sps_RS11360 or sps_RS24395 or sps_RS11770
OMP_ALA-L	sps_RS10915 or sps_RS14350 or sps_RS14345 or sps_RS11360 or sps_RS24395 or sps_RS11770
OMP_ASP-L	sps_RS10915 or sps_RS14350 or sps_RS14345 or sps_RS11360 or sps_RS24395 or sps_RS11770
OMP_BGL	sps_RS19750
OMP_CA2	sps_RS10915 or sps_RS14350 or sps_RS14345 or sps_RS11360 or sps_RS24395 or sps_RS11770
OMP_CHITOB	sps_RS11650
OMP_CHOL	sps_RS10915 or sps_RS14350 or sps_RS14345 or sps_RS11360 or sps_RS24395 or sps_RS11770
OMP_CL	sps_RS10915 or sps_RS14350 or sps_RS14345 or sps_RS11360 or sps_RS24395 or sps_RS11770
OMP_CO2	sps_RS10915 or sps_RS14350 or sps_RS14345 or sps_RS11360 or sps_RS24395 or sps_RS11770
OMP_COBALT2	sps_RS10915 or sps_RS14350 or sps_RS14345 or sps_RS11360 or sps_RS24395 or sps_RS11770
OMP_CU2	sps_RS10915 or sps_RS14350 or sps_RS14345 or sps_RS11360 or sps_RS24395 or sps_RS11770
OMP_CYTD	sps_RS20885
OMP_DAD-2	sps_RS20885
OMP_DAMP	sps_RS20885
OMP_DCMP	sps_RS20885
OMP_DCYT	sps_RS20885
OMP_DGMP	sps_RS20885
OMP_DGSN	sps_RS20885
OMP_DMS	sps_RS10915 or sps_RS14350 or sps_RS14345 or sps_RS11360 or sps_RS24395 or sps_RS11770
OMP_DMSO	sps_RS10915 or sps_RS14350 or sps_RS14345 or sps_RS11360 or sps_RS24395 or sps_RS11770
OMP_DODCA	sps_RS16200 or sps_RS08835
OMP_DTMP	sps_RS20885
OMP_DURI	sps_RS20885
OMP_FE2	sps_RS10915 or sps_RS14350 or sps_RS14345 or sps_RS11360 or sps_RS24395 or sps_RS11770
OMP_FOR	sps_RS10915 or sps_RS14350 or sps_RS14345 or sps_RS11360 or sps_RS24395 or sps_RS11770
OMP_FUM	sps_RS10915 or sps_RS14350 or sps_RS14345 or sps_RS11360 or sps_RS24395 or sps_RS11770
OMP_GAL	sps_RS07370
OMP_GALTAN	sps_RS07370
OMP_GLC-D	sps_RS07370
OMP_SUCR	sps_RS07370
OMP_TREH	sps_RS07370
OMP_GLU-L	sps_RS10915 or sps_RS14350 or sps_RS14345 or sps_RS11360 or sps_RS24395 or sps_RS11770
OMP_GLY	sps_RS10915 or sps_RS14350 or sps_RS14345 or sps_RS11360 or sps_RS24395 or sps_RS11770
OMP_GLY-ASP-L	sps_RS10915 or sps_RS14350 or sps_RS14345 or sps_RS11360 or sps_RS24395 or sps_RS11770
OMP_GLY-GLU-L	sps_RS10915 or sps_RS14350 or sps_RS14345 or sps_RS11360 or sps_RS24395 or sps_RS11770
OMP_GLYB	sps_RS10915 or sps_RS14350 or sps_RS14345 or sps_RS11360 or sps_RS24395 or sps_RS11770
OMP_GLYC	sps_RS07370
OMP_GLYC-R	sps_RS07370
OMP_GLYCLT	sps_RS10915 or sps_RS14350 or sps_RS14345 or sps_RS11360 or sps_RS24395 or sps_RS11770
OMP_GTHRD	sps_RS10915 or sps_RS14350 or sps_RS14345 or sps_RS11360 or sps_RS24395 or sps_RS11770
OMP_H	sps_RS10915 or sps_RS14350 or sps_RS14345 or sps_RS11360 or sps_RS24395 or sps_RS11770
OMP_H2	sps_RS10915 or sps_RS14350 or sps_RS14345 or sps_RS11360 or sps_RS24395 or sps_RS11770
OMP_H2O	sps_RS10915 or sps_RS14350 or sps_RS14345 or sps_RS11360 or sps_RS24395 or sps_RS11770 or sps_RS08935
OMP_H2O2	sps_RS10915 or sps_RS14350 or sps_RS14345 or sps_RS11360 or sps_RS24395 or sps_RS11770
OMP_H2S	sps_RS10915 or sps_RS14350 or sps_RS14345 or sps_RS11360 or sps_RS24395 or sps_RS11770
OMP_HDCA	sps_RS16200 or sps_RS08835
OMP_ILE-L	sps_RS10915 or sps_RS14350 or sps_RS14345 or sps_RS11360 or sps_RS24395 or sps_RS11770
OMP_INDOLE	sps_RS10915 or sps_RS14350 or sps_RS14345 or sps_RS11360 or sps_RS24395 or sps_RS11770
OMP_INOSHP	sps_RS10915 or sps_RS14350 or sps_RS14345 or sps_RS11360 or sps_RS24395 or sps_RS11770
OMP_INOSPP1	sps_RS10915 or sps_RS14350 or sps_RS14345 or sps_RS11360 or sps_RS24395 or sps_RS11770
OMP_K	sps_RS10915 or sps_RS14350 or sps_RS14345 or sps_RS11360 or sps_RS24395 or sps_RS11770
OMP_LAC-D	sps_RS10915 or sps_RS14350 or sps_RS14345 or sps_RS11360 or sps_RS24395 or sps_RS11770
OMP_LAC-L	sps_RS10915 or sps_RS14350 or sps_RS14345 or sps_RS11360 or sps_RS24395 or sps_RS11770
OMP_LEU-L	sps_RS10915 or sps_RS14350 or sps_RS14345 or sps_RS11360 or sps_RS24395 or sps_RS11770
OMP_LYS-L	sps_RS10915 or sps_RS14350 or sps_RS14345 or sps_RS11360 or sps_RS24395 or sps_RS11770
OMP_MAL-L	sps_RS10915 or sps_RS14350 or sps_RS14345 or sps_RS11360 or sps_RS24395 or sps_RS11770
OMP_MALT	sps_RS03485
OMP_MALTHP	sps_RS03485
OMP_MALTTTR	sps_RS03485
OMP_MET-L	sps_RS10915 or sps_RS14350 or sps_RS14345 or sps_RS11360 or sps_RS24395 or sps_RS11770
OMP_MG2	sps_RS10915 or sps_RS14350 or sps_RS14345 or sps_RS11360 or sps_RS24395 or sps_RS11770
OMP_MN2	sps_RS10915 or sps_RS14350 or sps_RS14345 or sps_RS11360 or sps_RS24395 or sps_RS11770
OMP_MOBD	sps_RS10915 or sps_RS14350 or sps_RS14345 or sps_RS11360 or sps_RS24395 or sps_RS11770
OMP_na1	sps_RS10915 or sps_RS14350 or sps_RS14345 or sps_RS11360 or sps_RS24395 or sps_RS11770
OMP_NH4	sps_RS10915 or sps_RS14350 or sps_RS14345 or sps_RS11360 or sps_RS24395 or sps_RS11770
OMP_NMN	sps_RS10915 or sps_RS14350 or sps_RS14345 or sps_RS11360 or sps_RS24395 or sps_RS11770
OMP_NO2	sps_RS10915 or sps_RS14350 or sps_RS14345 or sps_RS11360 or sps_RS24395 or sps_RS11770
OMP_NO3	sps_RS10915 or sps_RS14350 or sps_RS14345 or sps_RS11360 or sps_RS24395 or sps_RS11770
OMP_O2	sps_RS10915 or sps_RS14350 or sps_RS14345 or sps_RS11360 or sps_RS24395 or sps_RS11770
OMP_OCDCA	sps_RS16200 or sps_RS08835
OMP_PI	sps_RS21785
OMP_PMCOA	sps_RS10915 or sps_RS14350 or sps_RS14345 or sps_RS11360 or sps_RS24395 or sps_RS11770
OMP_PPA	sps_RS10915 or sps_RS14350 or sps_RS14345 or sps_RS11360 or sps_RS24395 or sps_RS11770
OMP_PRO-L	sps_RS10915 or sps_RS14350 or sps_RS14345 or sps_RS11360 or sps_RS24395 or sps_RS11770
OMP_PTRC	sps_RS10915 or sps_RS14350 or sps_RS14345 or sps_RS11360 or sps_RS24395 or sps_RS11770
OMP_PYR	sps_RS10915 or sps_RS14350 or sps_RS14345 or sps_RS11360 or sps_RS24395 or sps_RS11770
OMP_SER-L	sps_RS10915 or sps_RS14350 or sps_RS14345 or sps_RS11360 or sps_RS24395 or sps_RS11770
OMP_SO3	sps_RS10915 or sps_RS14350 or sps_RS14345 or sps_RS11360 or sps_RS24395 or sps_RS11770
OMP_SO4	sps_RS10915 or sps_RS14350 or sps_RS14345 or sps_RS11360 or sps_RS24395 or sps_RS11770
OMP_SUCC	sps_RS10915 or sps_RS14350 or sps_RS14345 or sps_RS11360 or sps_RS24395 or sps_RS11770
OMP_THR-L	sps_RS10915 or sps_RS14350 or sps_RS14345 or sps_RS11360 or sps_RS24395 or sps_RS11770
OMP_THYMD	sps_RS20885
OMP_TMA	sps_RS10915 or sps_RS14350 or sps_RS14345 or sps_RS11360 or sps_RS24395 or sps_RS11770
OMP_TMAO	sps_RS10915 or sps_RS14350 or sps_RS14345 or sps_RS11360 or sps_RS24395 or sps_RS11770
OMP_TRP-L	sps_RS10915 or sps_RS14350 or sps_RS14345 or sps_RS11360 or sps_RS24395 or sps_RS11770
OMP_TSUL	sps_RS10915 or sps_RS14350 or sps_RS14345 or sps_RS11360 or sps_RS24395 or sps_RS11770
OMP_TTDCA	sps_RS16200 or sps_RS08835
OMP_TTTNT	sps_RS10915 or sps_RS14350 or sps_RS14345 or sps_RS11360 or sps_RS24395 or sps_RS11770
OMP_TYR-L	sps_RS10915 or sps_RS14350 or sps_RS14345 or sps_RS11360 or sps_RS24395 or sps_RS11770
OMP_URA	sps_RS10915 or sps_RS14350 or sps_RS14345 or sps_RS11360 or sps_RS24395 or sps_RS11770
OMP_UREA	sps_RS10915 or sps_RS14350 or sps_RS14345 or sps_RS11360 or sps_RS24395 or sps_RS11770
OMP_URI	sps_RS20885
OMP_VAL-L	sps_RS10915 or sps_RS14350 or sps_RS14345 or sps_RS11360 or sps_RS24395 or sps_RS11770
OMP_XAN	sps_RS20885
OMPDC	sps_RS04025
OMPHHX	sps_RS23850
OMPHHXAN	Gap
OPHBDC	sps_RS24535 or sps_RS15795
OPHHX	sps_RS15025
OPHHXAN	Gap
ORNCD	sps_RS21700 or sps_RS23625 or sps_RS05420
ORPT	sps_RS16305
OXGDC2	sps_RS01485
P5CD	sps_RS24730
P5CR	sps_RS11505
PANTS	sps_RS24500
PAP	sps_RS15375
PAPPT3	sps_RS16150
PAPSR	sps_RS13780
PDH	sps_RS26460 and sps_RS26465 and sps_RS26455
PDX5PO	sps_RS06610
PDX5PS	sps_RS11950 and sps_RS22860
PERD	sps_RS08620
PFL	sps_RS17575
PGAMT	sps_RS20975
PGCD	sps_RS14045
PGDH	sps_RS10205
PGDHY	sps_RS05525
PGI	sps_RS11780
PGK	sps_RS12985
PGL	sps_RS05530
PGLYCP	sps_RS26595
PGM	sps_RS27685
PGMT	sps_RS03845
PGPPH	sps_RS15375 or sps_RS20310
PGSA	sps_RS02985
PHE4MO	sps_RS18070
PHEAL	sps_RS16460
PHEMEabc	sps_RS01955 and sps_RS01960 and sps_RS01945
PHETA1	sps_RS04490 or sps_RS03990
PHETRS	sps_RS06560 and sps_RS06555
PHNabc	sps_RS02085 and sps_RS02090 and sps_RS02080
PIabc	(sps_RS10900 and sps_RS09735 and sps_RS09730 and sps_RS09740) or (sps_RS27780 and sps_RS27775 and sps_RS27770 and sps_RS27765)
PIt6	sps_RS24720
PMANM	sps_RS09635 or sps_RS16065
PMCOAt	Gap
PMDPHT	Gap
PMPK	sps_RS05840
PNTK	sps_RS01715
PPA	sps_RS04825
PPAtNa	sps_RS08830
PPBNGS	sps_RS15060
PPC	sps_RS26695
PPCDC	sps_RS16280
PPCK	sps_RS26860
PPM	sps_RS20870
PPM2	sps_RS20870
PPNCL	sps_RS16280
PPND	sps_RS11885
PPNDH	sps_RS11860
PPPGFUM	sps_RS00330 or sps_RS00320 or sps_RS13700
PPPGMEN	sps_RS00330 or sps_RS00320 or sps_RS13700
PPPGNO3	sps_RS00330 or sps_RS00320 or sps_RS13700
PPPGO	sps_RS00330 or sps_RS00320 or sps_RS13700
PPS	sps_RS02625
PPTT	sps_RS13270
PRAGS	sps_RS15680
PRAIi	sps_RS08295
PRAIS	sps_RS02455
PRAMPC	sps_RS06525
PRASCS	sps_RS06535
PRATPP	sps_RS06525
PRFGS	sps_RS18845
PRKIN	sps_RS24905
PRMICIi	sps_RS06515
PRO1q	sps_RS24730
PROt4	sps_RS08830
PROTRS	sps_RS10345
PRPPS	sps_RS21430
PSCVT	sps_RS03995
PSD	sps_RS25070
PSERT	sps_RS03985
PSP_L	sps_RS20855
PSSA	sps_RS04060 or sps_RS21655
PSUDS	sps_RS08605 and sps_RS06755 and sps_RS08255 and sps_RS21680
PTAr	sps_RS17595
PTPATi	sps_RS00810
PTRCabc	sps_RS12575 and sps_RS12570 and sps_RS12565 and sps_RS12560
PULLNASE	sps_RS03480
PUNP1	sps_RS20440 or sps_RS20865
PUNP2	sps_RS20440 or sps_RS20865
PUNP3	sps_RS20440 or sps_RS20865
PUNP4	sps_RS20440 or sps_RS20865
PUNP5	sps_RS20440 or sps_RS20865
PUNP6	sps_RS20440 or sps_RS20865
PUNP7	sps_RS20440 or sps_RS20865
PYAM5PO	sps_RS06610
PYDXL5PSYN	Gap
PYK	sps_RS05545
PYNP2	sps_RS15525
PYRt2	Gap
QULNS	sps_RS03875
RBFK	sps_RS11725
RBFSa	sps_RS05345 and sps_RS20325
RBFSb	sps_RS20335
RBK	sps_RS13530
RBZP	sps_RS23570
RHCCE	sps_RS21230
RIBabc	sps_RS13535 and sps_RS13545 and sps_RS13540
RNDR1	sps_RS03955 and sps_RS03965 and sps_RS03820
RNDR2	sps_RS03955 and sps_RS03965 and sps_RS03820
RNDR3	sps_RS03955 and sps_RS03965 and sps_RS03820
RNDR4	sps_RS03955 and sps_RS03965 and sps_RS03820
RNTR1	sps_RS08910 and sps_RS03820
RNTR2	sps_RS08910 and sps_RS03820
RNTR3	sps_RS08910 and sps_RS03820
RNTR4	sps_RS08910 and sps_RS03820
RPE	sps_RS26600
RPI	sps_RS12880
S7PI	sps_RS26565 or sps_RS17375
SADH	sps_RS08145
SADT2	sps_RS18225 and sps_RS18235
SDPDS	sps_RS03210
SDPTA	sps_RS24950
SELNPS	sps_RS26755
SERAT	sps_RS17725 or sps_RS15460
SERD_D	sps_RS20430
SERD_L	sps_RS08125 or sps_RS13050
SERGLYX	sps_RS15405
SERt4	sps_RS17900
SERt6	sps_RS13055
SERTRS	sps_RS05270
SFGTH	sps_RS21140
SGDS	sps_RS03855
SGSAD	sps_RS24940
SHCHCS2	sps_RS01485 or sps_RS01480
SHCHD2	sps_RS17765
SHCHF	sps_RS17765
SHK3D	sps_RS00410
SHKK	sps_RS26630
SHSL1	sps_RS14565
SLCYSS	sps_RS14565
SO4t2	sps_RS06765
SOD	sps_RS03045
SOTA	sps_RS24950
SPA	sps_RS15405
SPMS	sps_RS24680
SPRS	sps_RS24680
SSALx	sps_RS12605
SUCBZL	sps_RS01470
SUCBZS	sps_RS01475
SUCCt4	sps_RS16580
SUCCtex	Gap
SUCD7	sps_RS07985 and sps_RS07995 and sps_RS07990 and sps_RS08000
SUCOAS	sps_RS07965 and sps_RS07970
SULR	sps_RS13785 and sps_RS13790
TAL	sps_RS11775
TDP	sps_RS02745
TDP3AAAT	sps_RS18350
TDPDRE	sps_RS00745
TDPDRR	sps_RS00735 or sps_RS14745
TDPGDH	sps_RS18385
TDSK	sps_RS08055
THD2	sps_RS16890 and sps_RS16885
THD5	sps_RS16890 and sps_RS16885
THDPS	sps_RS10495
THMabc	sps_RS07685
THMDt2	sps_RS20890
THRA	sps_RS20350 or sps_RS11430 or sps_RS11430
THRD	sps_RS00710
THRD_L	sps_RS15415
THRHT	sps_RS17385
THRLAD	sps_RS11430
THRS	sps_RS11815
THRt3	sps_RS02125
THRt4	sps_RS17900
THRTRS	sps_RS05325
THZPSN	sps_RS17715 and sps_RS05835 and sps_RS05825 and sps_RS05830 and sps_RS11015 and sps_RS05820
TKT1	sps_RS12995
TKT2	sps_RS12995
TMDK1	sps_RS10290
TMDPP	sps_RS20875
TMDS	sps_RS12030
TMPKr	sps_RS20315
TMPPP	sps_RS05840
TPI	sps_RS20970
TRDR	sps_RS05305
TRPOR	sps_RS11640
TRPS2	sps_RS08300
TRPS3	sps_RS08305
TRPt6	sps_RS01320 or sps_RS14005
TRPTRS	sps_RS26590
TSULST	sps_RS00705
TYRt6	sps_RS14005
TYRTA	sps_RS04490 or sps_RS03990
TYRTRS	sps_RS12360
U23GAAT	sps_RS10430 and sps_RS06710
UAAGDS	sps_RS16160
UAGAAT	sps_RS10420 and sps_RS06710
UAGCVT	sps_RS25560
UAGDP	sps_RS27830
UAGPT3	sps_RS16135
UAMAGS	sps_RS16145
UAMAS	sps_RS16130
UAPGR	sps_RS01705
UDCPDP	sps_RS12505
UDCPDPS	sps_RS10460
UDPG4E	sps_RS18080
UDPHEXURI	sps_RS03510
UGMDDS	sps_RS16155
UHGADA	sps_RS16110
UMPK	sps_RS10470
UNK3	Gap
UPP3MT	sps_RS15215 or sps_RS13735
UPP3S	sps_RS15210
UPPDC1	sps_RS15715
UPPRT	sps_RS02460
UQOR	(sps_RS21215 and sps_RS21220 and sps_RS21200 and sps_RS21210 and sps_RS21205 and sps_RS21225) or (sps_RS11130 and sps_RS11125 and sps_RS11105 and sps_RS11120 and sps_RS11115 and sps_RS11110)
URAt6	sps_RS03055 or sps_RS21120 or sps_RS20730
URCN	sps_RS27485
URDGLY	sps_RS05455
UreaExp	Diffusion
URHYDROX	sps_RS05480 and sps_RS05485
URIDK2	sps_RS06835
URIH	sps_RS09820
URIK1	sps_RS06850
URIK2	sps_RS06850
URIK3	sps_RS06850
URIt2	sps_RS20890
USHD	sps_RS09265
VALALAMOB	sps_RS08985
VALDHr	sps_RS02655
VALt4	sps_RS12925
VALTA	sps_RS15930
VALTRS	sps_RS22650
WO4abc	sps_RS00855 and sps_RS00850 and sps_RS00845
XAND	sps_RS04460
XANt	sps_RS21120 or sps_RS20730 or sps_RS03055
XPK	sps_RS11765
